0,东城区,前门东大街 ,2室1厅,59.5,东北,精装,中楼层(共16层),1979年,崇文门,528,88740
1,东城区,华龙美晟 ,2室1厅,80.23,东,精装,高楼层(共12层),2009年,永定门,615,76655
2,东城区,柏林寺西 ,2室1厅,58.45,南,简装,中楼层(共16层),1994年,和平里,640,109496
3,东城区,南水关 ,2室1厅,62.05,南北,简装,中楼层(共14层),1989年,广渠门,570,91862
4,东城区,华龙美晟 ,2室1厅,81.38,西北,简装,中楼层(共12层),2009年,永定门,610,74957
5,东城区,新景家园东区 ,1室1厅,56.16,南,简装,低楼层(共13层),2006年,崇文门,710,126425
6,东城区,安化北里 ,2室1厅,69.66,南,精装,低楼层(共17层),1989年,广渠门,580,83262
7,东城区,东花市北里中区 ,3室1厅,72.74,南北,简装,高楼层(共6层),1994年,东花市,736,101183
8,东城区,北京上舍 ,3室1厅,133.06,西南,精装,高楼层(共15层),2008年,广渠门,1330,99955
9,东城区,金鱼池西区 ,1室0厅,45.97,东,精装,地下室(共7层),2000年,天坛,288,62650
10,东城区,本家润园三期 ,2室1厅,77.71,南北,简装,低楼层(共18层),2005年,东花市,700,90079
11,东城区,永康胡同1号院 ,3室1厅,85.07,东西,简装,中楼层(共7层),2002年,安定门,920,108147
12,东城区,东环居苑 ,1室1厅,60.57,南,精装,高楼层(共22层),2004年,广渠门,545,89979
13,东城区,鼎盛园 ,1室1厅,64.32,南,简装,低楼层(共11层),2005年,永定门,480,74627
14,东城区,富贵园三区 ,2室1厅,77.01,东南,精装,高楼层(共12层),2002年,东花市,790,102585
15,东城区,小羊宜宾胡同 ,3室1厅,78.89,南北,简装,中楼层(共16层),1992年,建国门内,838,106224
16,东城区,十字坡西里 ,1室1厅,37.83,南,精装,中楼层(共5层),1983年,东直门,455,120275
17,东城区,富贵园一区 ,2室1厅,88.43,南北,精装,中楼层(共12层),2004年,东花市,1140,128916
18,东城区,革新里小区 ,2室1厅,57.88,南北,简装,高楼层(共6层),1993年,永定门,425,73428
19,东城区,交林 ,2室1厅,59.85,南北,精装,顶层(共6层),1985年,和平里,556,92899
20,东城区,新景家园西区 ,1室1厅,58.45,南,精装,中楼层(共16层),2004年,崇文门,619,105903
21,东城区,龙潭北里八条 ,2室1厅,60.78,南,简装,中楼层(共5层),1963年,左安门,547,89997
22,东城区,大方家胡同 ,1室1厅,51.09,南北,简装,高楼层(共6层),2003年,朝阳门内,585,114504
23,东城区,左安浦园 ,1室1厅,60.8,东南,简装,底层(共16层),2004年,左安门,470,77303
24,东城区,聚龙花园 ,3室1厅,174.02,东,简装,低楼层(共14层),1995年,工体,998,57350
25,东城区,朝内大街136号院 ,3室1厅,87.37,西北,简装,高楼层(共16层),1999年,朝阳门内,960,109878
26,东城区,新景家园西区 ,2室1厅,70.7,南北,精装,中楼层(共6层),2004年,崇文门,750,106083
27,东城区,六铺炕 ,2室1厅,57.54,东西,精装,中楼层(共6层),1980年,安定门,586,101843
28,东城区,东方银座 ,1室1厅,57.78,西,简装,高楼层(共25层),2003年,东直门,510,88266
29,东城区,新景家园东区 ,2室1厅,81,东西,精装,底层(共17层),2004年,崇文门,735,90741
0,东城区,景泰西里西区 ,1室1厅,49.83,南,简装,底层(共10层),2003年,永定门,397,79671
1,东城区,景泰西里65号院 ,2室1厅,61.47,南北,简装,中楼层(共6层),1985年,永定门,466,75810
2,东城区,幸福家园二期 ,2室1厅,65.48,北,简装,低楼层(共13层),2003年,广渠门,685,104613
3,东城区,华龙美晟 ,2室1厅,80.07,西,精装,高楼层(共12层),2009年,永定门,605,75559
4,东城区,民安小区东直门内北小街 ,2室1厅,74.56,东西,简装,底层(共16层),2003年,东直门,690,92543
5,东城区,水上华城 ,3室2厅,164.68,东西,精装,低楼层(共20层),2004年,广渠门,1350,81978
6,东城区,海运仓南里一区 ,2室1厅,73.66,南北,精装,中楼层(共7层),1998年,东直门,770,104535
7,东城区,和平里四区 ,3室1厅,56.44,南北,精装,顶层(共6层),1985年,和平里,620,109852
8,东城区,冠城名敦道 ,1室1厅,61.7,西北,精装,中楼层(共23层),2009年,广渠门,510,82659
9,东城区,新景家园东区 ,3室1厅,88.45,东西,简装,底层(共18层),2005年,崇文门,890,100622
10,东城区,民安小区东直门北中街 ,2室1厅,60.2,东西,简装,低楼层(共6层),1988年,东直门,610,101329
11,东城区,交道口东大街 ,2室1厅,74.39,东西,精装,低楼层(共11层),2002年,交道口,950,127706
12,东城区,华龙美晟 ,1室1厅,58.58,西南,精装,中楼层(共12层),2009年,永定门,445,75965
13,东城区,南竹杆胡同 ,3室1厅,69.35,南北,精装,底层(共6层),2003年,朝阳门内,850,122567
14,东城区,东花市北里东区 ,2室1厅,77.61,南北,精装,中楼层(共6层),1992年,东花市,810,104368
15,东城区,海运仓小区 ,2室1厅,66.35,南北,精装,中楼层(共7层),2003年,东直门,760,114545
16,东城区,和平里七区 ,2室1厅,53.25,南北,简装,中楼层(共5层),1989年,和平里,569,106855
17,东城区,北官厅胡同 ,1室1厅,45.94,南,精装,中楼层(共6层),1993年,东直门,550,119722
18,东城区,民旺园 ,2室1厅,56.2,南,简装,中楼层(共6层),1986年,和平里,619,110143
19,东城区,国瑞城中区 ,3室1厅,102.46,南北,简装,低楼层(共16层),2006年,崇文门,1010,98576
20,东城区,金世纪嘉园 ,2室2厅,105.97,东南北,精装,低楼层(共18层),2003年,广渠门,880,83043
21,东城区,冠城名敦道 ,2室1厅,85.03,东北,精装,低楼层(共23层),2009年,广渠门,628,73857
22,东城区,海运仓小区 ,3室1厅,88.78,东南西,精装,中楼层(共7层),2003年,东直门,970,109259
23,东城区,小黄庄一区 ,3室1厅,89.56,东西,简装,高楼层(共21层),1990年,安贞,818,91336
24,东城区,新景家园西区 ,2室1厅,79.74,东西,精装,中楼层(共14层),2004年,崇文门,768,96314
25,东城区,仓南胡同12号院 ,2室1厅,61.38,南北,简装,中楼层(共6层),1990年,朝阳门内,695,113230
26,东城区,胡家园小区 ,2室1厅,58.38,西北,精装,低楼层(共6层),1985年,东直门,505,86503
27,东城区,花市枣苑一期 ,3室2厅,151.98,西南,精装,低楼层(共18层),2003年,东花市,1520,100014
28,东城区,和平里七区 ,3室1厅,98.99,南北,简装,顶层(共3层),1979年,和平里,950,95970
29,东城区,后芳嘉园胡同 ,1室1厅,50.42,南,简装,中楼层(共6层),2002年,朝阳门内,600,119001
0,西城区,六铺炕一区 ,2室1厅,47.7,东南西,精装,底层(共5层),1975年,六铺炕,750,157233
1,西城区,裕中东里 ,2室1厅,60.7,南北,精装,中楼层(共6层),1985年,马甸,799,131631
2,西城区,红居南街6号院 ,1室1厅,41.24,南,简装,中楼层(共6层),1986年,广安门,410,99419
3,西城区,天宁寺东里 ,1室1厅,35.73,东,简装,中楼层(共5层),1983年,天宁寺,380,106354
4,西城区,真武庙六里 ,3室1厅,83,西南,简装,底层(共18层),1988年,木樨地,880,106025
5,西城区,莲花池东路甲5号院 ,1室1厅,53.8,南,简装,高楼层(共6层),1991年,木樨地,666,123792
6,西城区,裕中西里 ,1室1厅,51.7,东,精装,顶层(共20层),1990年,马甸,745,144101
7,西城区,教场口9号院 ,2室1厅,69.57,南西南北,简装,高楼层(共20层),2003年,六铺炕,840,120742
8,西城区,汽南小区 ,2室1厅,90.8,东南,简装,中楼层(共14层),1996年,木樨地,1100,121146
9,西城区,龙爪槐胡同 ,2室1厅,67.36,南北,精装,中楼层(共5层),1998年,陶然亭,740,109858
10,西城区,东经路19号院 ,1室1厅,37.02,东,精装,中楼层(共6层),1985年,陶然亭,520,140465
11,西城区,外交学院 ,3房间1卫,51.95,南,精装,中楼层(共6层),1988年,阜成门,688,132436
12,西城区,广安门内大街 ,3室1厅,84.26,南北,简装,低楼层(共15层),1985年,牛街,770,91384
13,西城区,红莲南里 ,3室1厅,65.13,南北,简装,底层(共6层),1987年,马连道,570,87518
14,西城区,德外大街乙12号院 ,1室1厅,43.2,南,精装,中楼层(共6层),1983年,六铺炕,655,151621
15,西城区,白广路6号院 ,2室1厅,57.1,东,精装,中楼层(共6层),1980年,牛街,515,90193
16,西城区,真武庙 ,2室1厅,47.53,南北,精装,底层(共6层),1976年,木樨地,730,153588
17,西城区,桦皮厂胡同 ,2室1厅,45.3,东南北,简装,中楼层(共5层),1981年,西直门,560,123621
18,西城区,北广家园 ,1室1厅,56.77,东南,简装,底层(共17层),2005年,六铺炕,765,134755
19,西城区,阜成门外北街 ,2室1厅,63.3,南,精装,高楼层(共18层),1991年,阜成门,730,115324
20,西城区,裕中西里 ,1室1厅,51.5,南,精装,低楼层(共24层),1991年,马甸,760,147573
21,西城区,荣丰2008 ,1室0厅,25.84,南北,精装,高楼层(共26层),2006年,广安门,361,139706
22,西城区,宣武门西大街 ,2室1厅,50.65,南,简装,底层(共12层),1979年,金融街,540,106615
23,西城区,红山世家 ,2室1厅,92.02,东西,精装,中楼层(共26层),2011年,广安门,965,104869
24,西城区,安德路 ,2室1厅,58.8,南北,精装,底层(共6层),1993年,六铺炕,818,139116
25,西城区,北欧印象 ,1室1厅,46.1,西,精装,高楼层(共25层),2003年,马连道,425,92191
26,西城区,双旗杆东里 ,2室1厅,58.7,西南,简装,中楼层(共6层),1984年,马甸,779,132709
27,西城区,信建里小区 ,1室1厅,45.87,南,简装,高楼层(共6层),1985年,右安门内,520,113364
28,西城区,塔院胡同12号院 ,3室1厅,77.4,南北,简装,顶层(共6层),1992年,六铺炕,850,109820
29,西城区,小市口胡同3号院 ,1室1厅,43.7,南,精装,中楼层(共6层),1992年,六铺炕,680,155607
0,西城区,教子胡同 ,2室1厅,57.89,南北,精装,中楼层(共6层),1980年,牛街,525,90690
1,西城区,平原里小区 ,2室1厅,63.19,南北,精装,底层(共6层),1998年,牛街,635,100491
2,西城区,北露园 ,1室1厅,40.3,东,简装,高楼层(共6层),1993年,阜成门,520,129033
3,西城区,槐柏树街 ,2室1厅,58.59,东南,简装,高楼层(共15层),1986年,长椿街,650,110941
4,西城区,常青藤嘉园 ,1室1厅,62.71,南,精装,中楼层(共16层),2004年,马连道,570,90895
5,西城区,裕中西里 ,3室1厅,78.7,东南,精装,高楼层(共20层),1989年,马甸,1023,129988
6,西城区,二龙路 ,2室1厅,65.3,西北,精装,低楼层(共17层),1990年,金融街,1043,159725
7,西城区,三里河一区 ,2室1厅,57.8,南北,简装,中楼层(共6层),1989年,月坛,800,138409
8,西城区,前半壁街35号院 ,1室1厅,39.4,南,简装,中楼层(共13层),1986年,官园,550,139594
9,西城区,太仆寺33号院 ,3室1厅,82,东西,简装,低楼层(共7层),2001年,西单,1165,142074
10,西城区,白广路6号院 ,3室1厅,85.11,南北,毛坯,高楼层(共6层),1994年,牛街,760,89297
11,西城区,裕中东里 ,3室1厅,77.8,东南北,简装,中楼层(共6层),1986年,马甸,1049,134833
12,西城区,新明胡同 ,2室1厅,57.9,南北,精装,中楼层(共6层),1989年,马甸,780,134716
13,西城区,新安中里 ,1室1厅,55.58,东北,简装,中楼层(共7层),2004年,右安门内,540,97158
14,西城区,北营房西里 ,3室1厅,77.4,南北,简装,底层(共6层),1988年,阜成门,800,103360
15,西城区,裕中西里 ,3室1厅,89.3,南北,简装,中楼层(共20层),1997年,马甸,1190,133259
16,西城区,马连道中里 ,2室1厅,59.35,南北,精装,中楼层(共6层),1997年,马连道,595,100253
17,西城区,小红庙南里 ,2室1厅,64.56,东,简装,低楼层(共18层),1988年,广安门,550,85193
18,西城区,凯迪尚府 ,3室2厅,148.79,南北,简装,14层,2010年,牛街,1599,107467
19,西城区,新街口西里一区 ,2室1厅,70.54,南北,精装,中楼层(共6层),2004年,新街口,835,118373
20,西城区,什坊街2号院 ,2室1厅,83.2,东南,简装,中楼层(共21层),1999年,六铺炕,1150,138222
21,西城区,红土店南里 ,2室1厅,68.17,南北,精装,底层(共6层),1997年,陶然亭,748,109726
22,西城区,玉桃园三区 ,2室1厅,57.1,南北,精装,中楼层(共5层),1990年,西直门,678,118740
23,西城区,南礼士路三条北里 ,1室1厅,42.5,南,简装,高楼层(共6层),1985年,月坛,568,133648
24,西城区,信建里小区 ,2室1厅,82.25,南北,简装,中楼层(共6层),2000年,右安门内,860,104560
25,西城区,远见名苑 ,1室0厅,48.96,北,精装,中楼层(共24层),2004年,广安门,455,92934
26,西城区,新壁街 ,2室1厅,69.9,南北,简装,中楼层(共6层),2004年,西单,845,120887
27,西城区,白菜湾四巷17号院 ,2室1厅,53.87,南北,简装,中楼层(共6层),1988年,天宁寺,599,111194
28,西城区,荣丰2008 ,1室1厅,31.62,南,简装,顶层(共12层),2005年,广安门,435,137572
29,西城区,裕中西里 ,2室1厅,63.3,南西,精装,高楼层(共24层),1991年,马甸,886,139969
0,朝阳区,武圣东里 ,2室1厅,60.1,南北,简装,中楼层(共6层),1987年,劲松,330,54909
1,朝阳区,安贞西里 ,3室1厅,69.48,南北,精装,低楼层(共16层),1986年,安贞,630,90674
2,朝阳区,磨房北里 ,2室1厅,57.54,东西北,精装,高楼层(共18层),1989年,北工大,370,64304
3,朝阳区,育慧里二区 ,2室1厅,54.83,南北,简装,中楼层(共6层),1991年,亚运村小营,455,82984
4,朝阳区,双兴小区 ,2室1厅,74.15,西南,简装,底层(共18层),1999年,四惠,369,49764
5,朝阳区,润泽公馆 ,3室2厅,141.99,南北,精装,中楼层(共24层),2014年,北苑,1170,82401
6,朝阳区,保利金泉 ,1室1厅,72.46,北,精装,中楼层(共30层),2008年,亚运村,578,79769
7,朝阳区,安华里社区 ,1室1厅,34.02,东南,简装,底层(共6层),1989年,安贞,315,92593
8,朝阳区,慧忠北里 ,1室1厅,63.87,西,简装,高楼层(共25层),1998年,亚运村,435,68108
9,朝阳区,百环家园 ,2室1厅,111.74,西北,精装,中楼层(共28层),2005年,双井,650,58171
10,朝阳区,中环南路11号院 ,1室1厅,51.01,南北,简装,中楼层(共6层),1991年,望京,335,65674
11,朝阳区,力鸿花园 ,2室2厅,91.66,西,精装,低楼层(共24层),1997年,国展,710,77461
12,朝阳区,国美第一城2号院 ,3室2厅,117.77,西南,精装,低楼层(共27层),2006年,朝青,625,53070
13,朝阳区,华纺易城 ,1室1厅,64.74,西,精装,中楼层(共12层),2006年,朝青,495,76460
14,朝阳区,国美第一城2号院 ,3室2厅,138.5,南北,精装,低楼层(共27层),2006年,朝青,845,61011
15,朝阳区,珠江绿洲 ,2室1厅,97.38,东南,简装,中楼层(共31层),2006年,双桥,499,51243
16,朝阳区,东一时区 ,2室1厅,85.69,南北,精装,高楼层(共6层),2006年,双桥,435,50765
17,朝阳区,东领鉴筑 ,2室1厅,86.8,南北,精装,中楼层(共21层),2005年,定福庄,445,51268
18,朝阳区,芍药居北里 ,2室1厅,79.02,东,简装,中楼层(共14层),1996年,芍药居,630,79727
19,朝阳区,安慧北里逸园 ,2室2厅,85.11,南北,简装,13层,2002年,亚运村,612,71907
20,朝阳区,UHN国际村 ,3室2厅,141.68,南北,精装,低楼层(共28层),2003年,三元桥,1100,77640
21,朝阳区,华腾园 ,3室2厅,115.1,东南,简装,高楼层(共28层),2000年,劲松,800,69505
22,朝阳区,翠成馨园 ,2室1厅,71.63,南,精装,中楼层(共20层),2011年,垡头,355,49561
23,朝阳区,弘善家园 ,1室1厅,53.71,南,精装,高楼层(共28层),2009年,潘家园,335,62372
24,朝阳区,十里堡东里 ,2室1厅,53.91,南北,简装,顶层(共5层),1985年,十里堡,295,54721
25,朝阳区,芍药居北里 ,3室1厅,119.62,东南西,精装,中楼层(共20层),2008年,芍药居,830,69387
26,朝阳区,柏林爱乐三期 ,1室1厅,68.59,南,简装,中楼层(共15层),2007年,常营,418,60942
27,朝阳区,百环家园 ,3室1厅,125.63,南,精装,中楼层(共27层),2005年,双井,745,59302
28,朝阳区,团结湖中路南二条 ,2室1厅,60.8,南北,简装,中楼层(共6层),1980年,团结湖,420,69079
29,朝阳区,CBD传奇 ,1室1厅,65.95,南北,精装,18层,2006年,大望路,530,80364
0,朝阳区,名苑雅居 ,2室1厅,88.65,南北,精装,高楼层(共14层),2005年,南沙滩,698,78737
1,朝阳区,惠中园 ,3室1厅,141.32,南西南,简装,高楼层(共24层),1999年,惠新西街,1060,75008
2,朝阳区,道家园 ,2室1厅,65.32,东南,精装,中楼层(共20层),1997年,甜水园,425,65065
3,朝阳区,六里屯北里 ,3室1厅,62.23,南北,简装,中楼层(共6层),1985年,甜水园,450,72313
4,朝阳区,金台里 ,2室1厅,61.32,南北,简装,中楼层(共6层),1984年,红庙,435,70940
5,朝阳区,首开常青藤四期 ,3室1厅,92.83,南北,简装,中楼层(共9层),2013年,东坝,635,68405
6,朝阳区,南湖中园一区 ,3室2厅,120.29,南北,精装,高楼层(共7层),1999年,望京,670,55699
7,朝阳区,10AM新坐标 ,1室0厅,41.19,西,简装,29层,2005年,方庄,265,64337
8,朝阳区,华龙美树 ,1室0厅,36.78,北,简装,中楼层(共19层),2005年,管庄,235,63894
9,朝阳区,香河园中里 ,2室1厅,61.65,东南西北,简装,中楼层(共6层),1984年,国展,400,64883
10,朝阳区,北纬40度二期 ,2室2厅,98.43,南北,精装,高楼层(共25层),2009年,望京,760,77213
11,朝阳区,后现代城A区 ,1室0厅,46.13,北,精装,顶层(共18层),2004年,大望路,310,67202
12,朝阳区,安慧里一区 ,3室1厅,68.21,南北,精装,顶层(共6层),1990年,亚运村,488,71544
13,朝阳区,南十里居 ,2室1厅,54.37,南北,简装,顶层(共6层),1990年,朝阳公园,310,57017
14,朝阳区,农光南里 ,2室1厅,59.72,西南,精装,高楼层(共16层),1987年,劲松,375,62794
15,朝阳区,幸福二村 ,2室1厅,53,南北,毛坯,顶层(共5层),1981年,工体,400,75472
16,朝阳区,甘露园南里 ,2室1厅,47.41,东北,简装,中楼层(共16层),1995年,甘露园,285,60114
17,朝阳区,京棉新城 ,2室1厅,80.41,南北,简装,高楼层(共28层),2008年,十里堡,470,58451
18,朝阳区,炫特嘉园一期 ,1室0厅,47.04,南,简装,中楼层(共18层),2004年,石佛营,310,65902
19,朝阳区,华贸城 ,1室1厅,55.34,西南,精装,中楼层(共28层),2011年,北苑,375,67763
20,朝阳区,北苑家园望春园 ,2室1厅,103.31,西南,精装,低楼层(共23层),2008年,北苑,559,54109
21,朝阳区,嘉润花园 ,2室1厅,106.87,东南,精装,高楼层(共30层),2001年,望京,680,63629
22,朝阳区,翠成馨园 ,1室0厅,50.91,东,简装,中楼层(共16层),2006年,垡头,270,53035
23,朝阳区,首城国际B区 ,2室1厅,85.6,东南,精装,低楼层(共27层),2010年,双井,798,93225
24,朝阳区,花园闸小区 ,2室1厅,57.58,南北,简装,底层(共6层),1992年,定福庄,285,49497
25,朝阳区,南沙滩小区 ,2室1厅,60.5,南北,简装,低楼层(共6层),1984年,南沙滩,436,72067
26,朝阳区,管庄西里 ,2室1厅,63.98,南北,精装,高楼层(共6层),1986年,管庄,335,52361
27,朝阳区,朝阳园 ,2室1厅,91.03,东,精装,中楼层(共31层),2003年,甘露园,600,65913
28,朝阳区,炫特嘉园一期 ,2室1厅,59.56,东北,精装,高楼层(共22层),2004年,石佛营,398,66824
29,朝阳区,世纪东方城 ,3室2厅,137.14,南北,简装,中楼层(共14层),2004年,欢乐谷,855,62346
0,海淀区,清华园 ,2室1厅,60.8,东南北,简装,高楼层(共6层),1979年,五道口,630,103619
1,海淀区,新中关公寓 ,1室0厅,62.6,南,精装,顶层(共18层),2006年,苏州桥,480,76678
2,海淀区,黄庄小区 ,3室1厅,78.8,南北,简装,中楼层(共5层),1981年,中关村,945,119924
3,海淀区,水清木华园 ,2室1厅,92.62,东,精装,低楼层(共18层),2000年,五道口,940,101490
4,海淀区,文慧园 ,2室1厅,62.1,南北,简装,中楼层(共6层),1998年,新街口,539,86796
5,海淀区,莱圳家园 ,1室0厅,32.48,西,精装,低楼层(共18层),2007年,清河,310,95444
6,海淀区,建材城东一里 ,2室1厅,59.91,南北,精装,中楼层(共7层),1996年,西三旗,365,60925
7,海淀区,万寿路15号院 ,3室1厅,92.9,南北,简装,中楼层(共6层),1995年,万寿路,1050,113025
8,海淀区,竹园 ,2室1厅,63.29,南北,简装,低楼层(共6层),1996年,马连洼,490,77422
9,海淀区,稻香园 ,1室1厅,52.2,南,简装,中楼层(共20层),1992年,苏州桥,515,98660
10,海淀区,北无宿舍 ,3室1厅,67.65,南北,简装,低楼层(共6层),1985年,紫竹桥,670,99040
11,海淀区,翠微中里 ,2室1厅,56.5,南,简装,低楼层(共21层),1992年,公主坟,525,92921
12,海淀区,沁春家园 ,2室1厅,77.42,南北,简装,高楼层(共6层),2000年,西三旗,475,61354
13,海淀区,万泉庄小区 ,2室1厅,62.3,东西,精装,顶层(共6层),1991年,苏州桥,565,90691
14,海淀区,美丽西园 ,2室1厅,67.9,南北,精装,中楼层(共6层),1998年,四季青,555,81738
15,海淀区,冠城南园 ,3室2厅,134.26,西南西北,精装,中楼层(共23层),1998年,马甸,1300,96828
16,海淀区,逸成东苑 ,3室2厅,154.67,南北,精装,中楼层(共15层),2004年,学院路,1350,87283
17,海淀区,动物园宿舍 ,2室1厅,54.5,南北,简装,高楼层(共6层),1988年,白石桥,455,83487
18,海淀区,育新花园 ,2室1厅,63.1,东南,简装,高楼层(共18层),1996年,西三旗,498,78923
19,海淀区,金雅园 ,2室1厅,86.22,南,精装,高楼层(共10层),2003年,四季青,730,84668
20,海淀区,宝盛北里 ,2室2厅,86.85,南北,简装,顶层(共6层),2004年,清河,498,57341
21,海淀区,空间物理所小区 ,2室1厅,62,南北,精装,高楼层(共6层),1995年,中关村,700,112904
22,海淀区,八宝庄 ,2室1厅,51.4,南北,精装,底层(共6层),1990年,定慧寺,426,82880
23,海淀区,清河文苑 ,4室2厅,147.64,东南,精装,高楼层(共22层),2001年,清河,810,54864
24,海淀区,建材城西一里 ,2室1厅,50.6,南,简装,顶层(共5层),1990年,西三旗,318,62846
25,海淀区,建材城东二里 ,1室1厅,47.14,南,简装,低楼层(共6层),1998年,西三旗,308,65338
26,海淀区,定慧东里 ,2室1厅,58.3,东北,简装,底层(共16层),1987年,定慧寺,400,68611
27,海淀区,东王庄 ,2室1厅,60.1,南北,简装,中楼层(共6层),1995年,五道口,520,86523
28,海淀区,清缘东里 ,3室2厅,105.98,南北,精装,中楼层(共6层),2004年,清河,760,71712
29,海淀区,华鸿家园 ,2室2厅,96.1,南北,精装,中楼层(共6层),2008年,西三旗,560,58273
0,海淀区,三里河路5号院 ,1室1厅,44.42,东,简装,低楼层(共18层),1990年,甘家口,440,99055
1,海淀区,牛奶宿舍 ,2室1厅,62.6,南北,精装,中楼层(共6层),1991年,牡丹园,600,95847
2,海淀区,富力桃园B区 ,2室1厅,94.36,东西,精装,中楼层(共11层),2007年,西三旗,579,61361
3,海淀区,菊园 ,2室1厅,64.35,南北,精装,6层,1995年,马连洼,475,73816
4,海淀区,富力桃园C区 ,2室1厅,89.58,南北,精装,高楼层(共18层),2008年,西三旗,560,62514
5,海淀区,展春园 ,2室1厅,57.6,南北,简装,中楼层(共6层),1984年,五道口,485,84202
6,海淀区,万寿路1号院 ,3室1厅,87.89,南北,精装,底层(共6层),1996年,万寿路,815,92730
7,海淀区,乐府江南 ,3室2厅,135.44,南北,简装,中楼层(共9层),2003年,田村,1200,88601
8,海淀区,小南庄社区 ,1室1厅,54.31,南北,简装,中楼层(共6层),1995年,苏州桥,530,97588
9,海淀区,冶金大院 ,2室1厅,54.1,南北,精装,中楼层(共5层),1986年,皂君庙,480,88725
10,海淀区,学院南路66号院 ,2室1厅,65.6,南,简装,中楼层(共14层),1987年,白石桥,570,86891
11,海淀区,城华园 ,2室1厅,64.95,南北,精装,高楼层(共6层),1998年,学院路,565,86990
12,海淀区,清秀阁 ,2室1厅,89.4,南北,简装,中楼层(共5层),2005年,清河,679,75951
13,海淀区,时雨园 ,3室2厅,165.96,东南,精装,高楼层(共19层),2005年,世纪城,1510,90986
14,海淀区,东南小区 ,2室1厅,53.3,南北,精装,底层(共6层),1992年,中关村,718,134710
15,海淀区,科育小区 ,2室1厅,47.5,南北,精装,顶层(共5层),1976年,中关村,625,131579
16,海淀区,远大园五区 ,3室2厅,151.81,西南,精装,中楼层(共16层),2001年,世纪城,1400,92221
17,海淀区,曙光花园 ,2室2厅,113.13,东南,精装,高楼层(共17层),1999年,四季青,910,80439
18,海淀区,强佑清河新城 ,1室1厅,61.91,东,精装,顶层(共27层),2009年,清河,445,71879
19,海淀区,志强北园 ,3室0厅,56.9,南北,简装,中楼层(共5层),1980年,小西天,508,89280
20,海淀区,黄亭子小区 ,2室1厅,62.5,南,简装,低楼层(共18层),1990年,北太平庄,538,86080
21,海淀区,普惠南里 ,2室1厅,62.1,南,精装,低楼层(共16层),1986年,公主坟,535,86152
22,海淀区,富润家园 ,2室1厅,92.64,西,精装,低楼层(共27层),2003年,学院路,710,76641
23,海淀区,田村40号院 ,3室1厅,89.46,南西北,精装,低楼层(共6层),1999年,田村,670,74894
24,海淀区,远大园四区 ,2室2厅,58.61,东南,精装,高楼层(共16层),2000年,世纪城,768,131036
25,海淀区,稻香园 ,2室1厅,60,南北,简装,底层(共6层),1992年,苏州桥,588,98000
26,海淀区,西六砖瓦厂家属楼 ,2室1厅,57.2,南北,简装,中楼层(共5层),1985年,海淀北部新区,310,54196
27,海淀区,翠微路22号院 ,2室1厅,53.04,南北,简装,低楼层(共6层),1994年,公主坟,508,95777
28,海淀区,蓟门东里 ,3室1厅,77.9,西北,简装,低楼层(共16层),1986年,知春路,620,79590
29,海淀区,新外大街3号院 ,1室1厅,26.5,东,简装,中楼层(共4层),1960年,小西天,258,97359
0,丰台区,莲花池南里 ,2室1厅,52.97,南,精装,低楼层(共6层),1985年,广安门,369,69663
1,丰台区,方南家园一期 ,2室1厅,51.66,南北,简装,低楼层(共6层),1998年,刘家窑,290,56137
2,丰台区,石榴园南里小区 ,1室1厅,47.83,西,简装,中楼层(共6层),1998年,刘家窑,249,52060
3,丰台区,鑫兆雅园南区 ,2室1厅,74.54,西北,简装,中楼层(共22层),2003年,刘家窑,446,59834
4,丰台区,太平桥东里 ,1室1厅,45.92,南,简装,中楼层(共6层),1989年,太平桥,298,64896
5,丰台区,太平桥西里 ,2室1厅,53.12,南北,简装,高楼层(共6层),1985年,太平桥,385,72478
6,丰台区,新新天第 ,2室1厅,57.76,东南北,简装,低楼层(共10层),2006年,马家堡,355,61462
7,丰台区,南庭新苑北区 ,3室1厅,81.32,东南北,精装,顶层(共16层),2009年,新宫,408,50173
8,丰台区,和义东里五区 ,2室1厅,56.59,南北,简装,中楼层(共6层),1984年,和义,278,49126
9,丰台区,芳城园一区 ,2室1厅,95,西南,精装,低楼层(共25层),1990年,方庄,598,62948
10,丰台区,育芳园东里 ,3室1厅,103.8,南北,精装,中楼层(共6层),1993年,玉泉营,540,52024
11,丰台区,太平桥小区 ,2室1厅,56.83,南北,精装,中楼层(共6层),1985年,太平桥,388,68274
12,丰台区,鹏润家园 ,2室1厅,64.17,东北,精装,低楼层(共16层),2001年,菜户营,400,62335
13,丰台区,和义西里二区 ,2室1厅,73.91,南北,简装,底层(共6层),2000年,和义,368,49791
14,丰台区,金泰城丽湾 ,2室2厅,115.86,南,精装,高楼层(共21层),2008年,菜户营,895,77249
15,丰台区,世嘉丽晶 ,3室1厅,122.31,南北,简装,低楼层(共6层),2005年,和义,598,48893
16,丰台区,建邦华府 ,2室1厅,104.46,南北,精装,中楼层(共13层),2009年,刘家窑,610,58396
17,丰台区,日新家园 ,2室1厅,67.48,南北,精装,高楼层(共6层),1997年,赵公口,370,54832
18,丰台区,华富丽苑 ,2室2厅,98.93,南北,精装,低楼层(共30层),2007年,青塔,520,52563
19,丰台区,石榴庄西街 ,2室1厅,55.2,东南西,简装,中楼层(共6层),1991年,赵公口,290,52537
20,丰台区,天伦锦城 ,1室1厅,58.4,南北,精装,低楼层(共11层),2006年,花乡,269,46062
21,丰台区,世嘉丽晶 ,2室1厅,63.99,南北,精装,顶层(共6层),2005年,和义,328,51259
22,丰台区,北大地三里 ,1室1厅,33.3,南,精装,底层(共5层),1982年,北大地,278,83484
23,丰台区,恋日嘉园一期 ,1室1厅,40.44,南,精装,中楼层(共13层),2001年,草桥,300,74184
24,丰台区,蒲黄榆三里 ,1室1厅,44.26,南,精装,顶层(共12层),1984年,蒲黄榆,278,62811
25,丰台区,春园 ,1室1厅,51.99,南,精装,顶层(共18层),1998年,青塔,275.5,52991
26,丰台区,建邦枫景 ,2室1厅,78.23,南西,精装,高楼层(共22层),2010年,青塔,410,52410
27,丰台区,万柳园小区 ,1室1厅,42.67,南北,简装,中楼层(共6层),1992年,玉泉营,269,63042
28,丰台区,定安西里 ,2室1厅,55.6,南北,精装,顶层(共6层),1988年,木樨园,302,54317
29,丰台区,gogo新世代 ,1室1厅,46.39,东,精装,低楼层(共30层),2005年,方庄,305,65747
0,丰台区,冠军楼 ,2室1厅,88.99,东南,简装,低楼层(共21层),1998年,木樨园,430,48321
1,丰台区,西翠芳庭 ,3室2厅,120.43,南西北,毛坯,低楼层(共22层),2002年,青塔,535,44425
2,丰台区,和义东里三区 ,2室1厅,54.87,南北,简装,顶层(共6层),1987年,和义,250,45563
3,丰台区,优筑 ,2室2厅,100.08,南,精装,低楼层(共16层),2007年,玉泉营,650,64949
4,丰台区,明日嘉园 ,1室0厅,39.58,北,简装,中楼层(共23层),2003年,马家堡,263,66448
5,丰台区,西罗园四区 ,2室1厅,69.28,东北,简装,低楼层(共22层),1993年,西罗园,365,52685
6,丰台区,嘉园二里 ,2室1厅,55.88,南北,精装,高楼层(共6层),1998年,马家堡,370,66214
7,丰台区,嘉园二里 ,2室1厅,57.7,南北,精装,顶层(共6层),1998年,马家堡,330,57193
8,丰台区,gogo新世代 ,1室1厅,46.39,西,简装,低楼层(共32层),2005年,方庄,305,65747
9,丰台区,西府景园 ,3室1厅,119.39,南北,简装,中楼层(共23层),2004年,岳各庄,660,55282
10,丰台区,苗圃东里 ,3室1厅,83.22,西南北,简装,高楼层(共22层),1998年,赵公口,442,53113
11,丰台区,丰西北里 ,2室1厅,53.72,南北,简装,中楼层(共6层),1990年,五里店,240,44677
12,丰台区,芳星园二区 ,2室1厅,63.5,东南,简装,中楼层(共25层),1992年,方庄,460,72441
13,丰台区,广安﹒康馨家园 ,3室1厅,91.91,南西北,简装,高楼层(共34层),2015年,青塔,460,50049
14,丰台区,大红门35号院 ,2室1厅,62.37,南北,精装,顶层(共6层),1996年,角门,335,53712
15,丰台区,中海九号公馆 ,3室2厅,178.83,南北,精装,低楼层(共16层),2012年,科技园区,1399,78231
16,丰台区,卢沟桥南里 ,2室1厅,57.19,东西,简装,低楼层(共6层),1987年,卢沟桥,259.9,45446
17,丰台区,建欣苑三里 ,2室1厅,60.3,南北,精装,中楼层(共6层),1997年,大红门,355,58873
18,丰台区,石榴园北里小区 ,2室1厅,58.51,南北,简装,低楼层(共6层),1992年,刘家窑,323,55205
19,丰台区,四方景园二区 ,2室1厅,85.11,西北,精装,高楼层(共28层),2005年,成寿寺,480,56398
20,丰台区,华芳园 ,1室1厅,64.95,西,简装,高楼层(共24层),1999年,成寿寺,340,52348
21,丰台区,秀蝶双座 ,2室2厅,92.62,南,简装,中楼层(共26层),2007年,青塔,499,53877
22,丰台区,北大地三里 ,3室1厅,67.6,南北,简装,中楼层(共5层),1981年,北大地,445,65829
23,丰台区,三环新城8号院 ,1室1厅,52.6,东南,精装,中楼层(共18层),2006年,玉泉营,345,65590
24,丰台区,莲花池南里 ,2室1厅,68.9,南,精装,中楼层(共16层),1992年,广安门,488,70828
25,丰台区,铁路小区 ,2室1厅,71.54,东南,简装,低楼层(共24层),1997年,六里桥,550,76881
26,丰台区,兆丰园 ,3室2厅,143.62,东南,精装,高楼层(共20层),2000年,青塔,729,50759
27,丰台区,南曦大厦 ,2室1厅,115.88,南,精装,中楼层(共22层),2004年,木樨园,548,47291
28,丰台区,莲怡园北路1号院 ,2室1厅,59.47,南北,简装,中楼层(共6层),1995年,六里桥,365,61376
29,丰台区,南木樨园 ,2室1厅,50.98,南,精装,低楼层(共6层),1986年,木樨园,296,58062
0,石景山区,八角北路 ,2室1厅,53.97,南北,简装,低楼层(共6层),1985年,八角,280,51881
1,石景山区,京汉旭城 ,1室1厅,58.06,南,简装,高楼层(共17层),2006年,鲁谷,318,54771
2,石景山区,古城南路 ,3室1厅,59.1,南北,精装,顶层(共5层),1978年,古城,275,46532
3,石景山区,诗景长安 ,2室1厅,90.96,南北,精装,低楼层(共25层),2010年,鲁谷,573,62995
4,石景山区,金顶街五区 ,2室1厅,95.88,南,简装,高楼层(共24层),2007年,苹果园,458,47769
5,石景山区,七星园 ,1室1厅,63.86,南,精装,中楼层(共19层),1996年,鲁谷,344,53868
6,石景山区,海特花园小区 ,3室1厅,108.16,南,精装,低楼层(共18层),1996年,苹果园,520,48077
7,石景山区,八宝山南路29号院 ,2室1厅,40.4,南,简装,中楼层(共6层),1990年,鲁谷,230,56931
8,石景山区,老山东里 ,2室1厅,73.42,南北,精装,中楼层(共6层),1999年,老山,415,56525
9,石景山区,北重西厂 ,1室1厅,41.41,西,精装,中楼层(共6层),1989年,鲁谷,220,53128
10,石景山区,八角北路 ,2室1厅,50.39,南北,简装,中楼层(共6层),1984年,八角,260,51598
11,石景山区,模式口东里 ,2室1厅,52.46,东西,精装,中楼层(共6层),1991年,苹果园,255,48609
12,石景山区,八角中里 ,2室1厅,58.64,南北,简装,中楼层(共6层),1990年,八角,310,52865
13,石景山区,模式口西里 ,2室1厅,60.3,南,精装,低楼层(共16层),1988年,苹果园,259,42952
14,石景山区,杨庄中区 ,2室1厅,66.3,南北,简装,底层(共6层),1998年,杨庄,326,49171
15,石景山区,奈伦熙府 ,2室1厅,80.79,南北,简装,高楼层(共6层),2007年,杨庄,455,56319
16,石景山区,永乐东区 ,2室1厅,55.29,西,精装,顶层(共6层),1982年,鲁谷,258,46664
17,石景山区,永乐西区 ,2室1厅,59.42,南北,简装,顶层(共6层),1992年,鲁谷,280,47123
18,石景山区,八角北路 ,2室1厅,54.02,南北,精装,低楼层(共6层),1985年,八角,273,50537
19,石景山区,京汉旭城 ,2室1厅,90.35,南北,精装,中楼层(共16层),2004年,鲁谷,570,63088
20,石景山区,西山枫林一二期 ,3室2厅,120.95,南北,精装,中楼层(共11层),2004年,苹果园,650,53742
21,石景山区,地铁古城家园 ,3室2厅,103.38,东北,精装,低楼层(共24层),2001年,杨庄,413,39950
22,石景山区,融景城 ,2室2厅,90.83,南北,精装,高楼层(共26层),2010年,八角,515,56700
23,石景山区,模式口西里 ,2室1厅,56.67,南北,精装,底层(共6层),1987年,苹果园,265,46762
24,石景山区,远洋山水 ,2室1厅,114.93,东,简装,中楼层(共20层),2008年,鲁谷,740,64388
25,石景山区,模式口西里 ,2室1厅,62.17,南北,精装,低楼层(共6层),1987年,苹果园,273,43912
26,石景山区,重兴园 ,2室1厅,92.02,南北,精装,低楼层(共6层),2003年,鲁谷,515,55967
27,石景山区,杨庄小区 ,2室1厅,59.64,南,简装,低楼层(共14层),1991年,杨庄,310,51979
28,石景山区,苹果园小区三区 ,2室1厅,74.43,东南北,精装,底层(共16层),1994年,苹果园,368,49443
29,石景山区,老山东里 ,2室1厅,71.1,南北,简装,6层,1999年,老山,390,54853
0,石景山区,老山东里 ,3室1厅,65,西北,简装,低楼层(共16层),1986年,老山,328,50462
1,石景山区,模式口西里 ,2室1厅,55.6,南,简装,顶层(共6层),1987年,苹果园,239,42986
2,石景山区,远洋沁山水 ,2室1厅,88.74,西,精装,低楼层(共20层),2009年,鲁谷,700,78883
3,石景山区,远洋山水 ,2室2厅,109.57,南北,简装,中楼层(共26层),2007年,鲁谷,675,61605
4,石景山区,古城南里 ,1室1厅,45.05,南,毛坯,中楼层(共16层),1984年,古城,260,57714
5,石景山区,杨庄小区 ,2室1厅,64,南北,精装,低楼层(共14层),1992年,杨庄,316,49375
6,石景山区,永乐东区 ,1室1厅,29.07,南,简装,中楼层(共4层),1958年,鲁谷,160,55040
7,石景山区,远洋山水 ,2室1厅,96.26,南北,精装,底层(共27层),2007年,鲁谷,580,60254
8,石景山区,地铁古城家园 ,2室1厅,79.84,东南,简装,低楼层(共24层),2000年,杨庄,349,43713
9,石景山区,老山东里 ,3室1厅,65,西北,简装,高楼层(共16层),1985年,老山,320,49231
10,石景山区,古城路小区 ,2室1厅,48.86,东西,精装,中楼层(共6层),1980年,古城,228,46664
11,石景山区,八角路小区 ,2室0厅,37.07,南北,简装,顶层(共5层),1971年,八角,155,41813
12,石景山区,科研楼 ,2室1厅,55.39,南,精装,底层(共6层),1991年,苹果园,270,48746
13,石景山区,杨庄中区 ,2室1厅,80.27,南北,精装,中楼层(共16层),1996年,杨庄,375,46718
14,石景山区,远洋沁山水 ,2室2厅,88.91,南北,精装,中楼层(共21层),2009年,鲁谷,780,87730
15,石景山区,金顶阳光 ,2室1厅,88.68,南,简装,低楼层(共21层),2009年,苹果园,410,46234
16,石景山区,杨庄小区 ,2室1厅,56.43,东西,简装,低楼层(共6层),1993年,杨庄,278,49265
17,石景山区,八角南里 ,2室1厅,80.07,西北,精装,低楼层(共20层),1999年,八角,385,48083
18,石景山区,永乐西区 ,3室1厅,76.5,东西,简装,中楼层(共5层),1993年,鲁谷,365,47713
19,石景山区,金顶街59号院 ,2室1厅,79.31,南北,精装,低楼层(共6层),2006年,苹果园,395,49805
20,石景山区,奈伦熙府 ,3室1厅,144.27,西南,精装,中楼层(共18层),2006年,杨庄,765,53026
21,石景山区,海特花园小区 ,2室1厅,93.26,南北,简装,高楼层(共7层),1999年,苹果园,399,42784
22,石景山区,融景城 ,2室2厅,88.07,南,精装,顶层(共26层),2012年,八角,508,57682
23,石景山区,远洋山水 ,1室1厅,62.14,西,简装,低楼层(共25层),2005年,鲁谷,440,70808
24,石景山区,久筑物业 ,2室1厅,65.13,东西,简装,低楼层(共12层),1996年,鲁谷,355,54507
25,石景山区,雍景双庐 ,2室1厅,90.37,西南,精装,中楼层(共25层),2007年,苹果园,445,49243
26,石景山区,远洋沁山水 ,1室1厅,61.85,西,精装,高楼层(共18层),2011年,鲁谷,470,75991
27,石景山区,远洋山水 ,3室1厅,95.86,南北,精装,低楼层(共26层),2007年,鲁谷,635,66243
28,石景山区,远洋沁山水 ,3室1厅,87.71,东西,精装,中楼层(共20层),2009年,鲁谷,790,90070
29,石景山区,永乐西区 ,2室1厅,54.61,南北,简装,中楼层(共6层),1993年,鲁谷,310,56767
0,通州区,蓝调沙龙东区 ,2室2厅,98.4,南北,精装,低楼层(共6层),2005年,九棵树(家乐福),490,49797
1,通州区,翠福园 ,2室2厅,91.91,南北,简装,中楼层(共6层),2007年,北关,345,37537
2,通州区,雅丽世居 ,2室1厅,98.01,南北,精装,中楼层(共18层),2005年,果园,435,44384
3,通州区,新华联家园北区 ,1室0厅,42.85,南,精装,高楼层(共12层),2004年,果园,247,57643
4,通州区,长城国际 ,1室0厅,43.74,东,精装,22层,2009年,通州北苑,239,54642
5,通州区,阿尔法社区 ,2室1厅,91.4,南北,精装,低楼层(共9层),2008年,九棵树(家乐福),410,44858
6,通州区,金隅七零九零 ,2室1厅,88.5,南北,精装,中楼层(共15层),2009年,临河里,422,47684
7,通州区,荞馨园 ,2室1厅,97.52,南北,简装,中楼层(共6层),2003年,乔庄,428,43889
8,通州区,金隅通和园 ,2室1厅,90.11,南北,简装,中楼层(共29层),2011年,临河里,350,38842
9,通州区,蓝调沙龙东区 ,3室2厅,131.52,南北,精装,中楼层(共5层),2005年,九棵树(家乐福),620,47142
10,通州区,龙鼎园 ,2室1厅,91.62,南北,精装,低楼层(共11层),2005年,九棵树(家乐福),371,40494
11,通州区,新潮嘉园二期 ,2室2厅,94.48,南北,精装,中楼层(共7层),2004年,潞苑,410,43396
12,通州区,京贸国际城西区 ,2室1厅,74.43,南,精装,低楼层(共35层),2015年,武夷花园,450,60460
13,通州区,武夷花园牡丹园 ,2室1厅,87.9,南北,精装,中楼层(共7层),2001年,武夷花园,499,56770
14,通州区,百合湾 ,4室2厅,111.66,南北,精装,高楼层(共20层),2012年,武夷花园,950,85080
15,通州区,新潮嘉园一期 ,2室1厅,80.11,南北,简装,中楼层(共7层),2003年,潞苑,358,44689
16,通州区,世纪星城三期 ,2室1厅,100.86,南,精装,高楼层(共32层),2008年,通州北苑,439,43526
17,通州区,中建雅颂居 ,2室2厅,89.39,南,简装,低楼层(共22层),2012年,潞苑,355,39714
18,通州区,世纪星城三期 ,2室2厅,104.5,南北,精装,低楼层(共32层),2008年,通州北苑,490,46890
19,通州区,龙鼎园 ,1室1厅,62.89,南,简装,低楼层(共11层),2005年,九棵树(家乐福),271,43092
20,通州区,通景园 ,2室1厅,89.96,南,简装,高楼层(共27层),2010年,九棵树(家乐福),340,37795
21,通州区,融科香雪兰溪 ,3室1厅,89.21,南北,精装,高楼层(共18层),2010年,马驹桥,346,38785
22,通州区,鑫苑小区 ,2室1厅,89.17,南北,简装,中楼层(共5层),2001年,通州北苑,395,44298
23,通州区,京贸国际城东区 ,1室1厅,58.97,南,精装,高楼层(共29层),2010年,武夷花园,320,54265
24,通州区,潞潮佳苑 ,2室1厅,83.58,南北,简装,底层(共6层),2003年,潞苑,386,46184
25,通州区,云景里南大门 ,2室1厅,89.46,南北,精装,中楼层(共6层),2004年,梨园,405,45272
26,通州区,格兰晴天 ,3室2厅,104.95,南北,简装,中楼层(共6层),2004年,玉桥,585,55741
27,通州区,西营后街 ,2室1厅,52.54,南,简装,中楼层(共5层),1985年,新华大街,230,43777
28,通州区,武夷花园牡丹园 ,3室1厅,106.75,南西,精装,底层(共6层),2002年,武夷花园,650,60890
29,通州区,怡乐北街 ,2室1厅,67.66,南北,简装,中楼层(共6层),1998年,九棵树(家乐福),310,45818
0,通州区,鼎晟国际 ,1室0厅,50.91,北,简装,中楼层(共24层),2006年,新华大街,260,51071
1,通州区,新华联锦园 ,2室2厅,98.19,南北,精装,中楼层(共6层),2002年,通州北苑,415,42265
2,通州区,幸福艺居 ,2室1厅,80.29,南北,精装,中楼层(共7层),2002年,玉桥,410,51065
3,通州区,复兴北里 ,2室1厅,84.12,南北,简装,顶层(共6层),1995年,新华大街,324,38517
4,通州区,干休所家属院 ,2室1厅,54.03,南北,简装,中楼层(共6层),1983年,新华大街,243,44976
5,通州区,新通国际花园 ,2室1厅,89.34,南北,精装,顶层(共21层),2010年,梨园,438,49027
6,通州区,华龙小区 ,2室2厅,104.25,南北,精装,中楼层(共6层),2000年,潞苑,430,41248
7,通州区,金隅通和园 ,2室2厅,83,南,简装,高楼层(共28层),2011年,临河里,360,43374
8,通州区,东亚瑞晶苑 ,2室1厅,79.73,南西北,精装,低楼层(共22层),2009年,马驹桥,285,35746
9,通州区,长城国际 ,1室0厅,52.37,东,简装,22层,2009年,通州北苑,265,50602
10,通州区,后南仓 ,2室1厅,54.26,南北,精装,中楼层(共6层),1981年,新华大街,270,49761
11,通州区,融科香雪兰溪 ,3室1厅,88.41,南北,精装,高楼层(共18层),2010年,马驹桥,343,38797
12,通州区,华业东方玫瑰A区 ,3室1厅,116.84,南北,毛坯,低楼层(共23层),2010年,临河里,660,56488
13,通州区,葛布店东里 ,2室1厅,57.21,南北,简装,高楼层(共6层),1991年,果园,285,49817
14,通州区,华诚花园 ,2室2厅,85.94,南北,简装,低楼层(共7层),1997年,北关,375,43636
15,通州区,月亮城堡 ,1室1厅,58.44,北,精装,低楼层(共12层),2005年,武夷花园,260,44491
16,通州区,翠屏北里西区 ,3室1厅,115.82,东南北,简装,高楼层(共7层),2003年,果园,528,45588
17,通州区,新城东里 ,3室1厅,54.25,南北,简装,底层(共5层),1978年,新华大街,289,53272
18,通州区,云景西里南区 ,2室1厅,58.64,南北,简装,中楼层(共6层),1994年,梨园,275,46897
19,通州区,京贸国际城西区 ,2室1厅,91.07,西南,精装,40层,2011年,武夷花园,508,55782
20,通州区,京贸国际城西区 ,2室1厅,90.77,南,简装,低楼层(共35层),2011年,武夷花园,510,56186
21,通州区,西潞苑小区 ,2室2厅,94.51,南北,精装,高楼层(共6层),2004年,北关,369,39044
22,通州区,新城嘉园 ,2室1厅,77.29,南北,精装,高楼层(共28层),2010年,梨园,378,48907
23,通州区,运河湾 ,1室2厅,68.54,南北,精装,高楼层(共11层),2009年,武夷花园,422,61570
24,通州区,河畔丽景 ,1室1厅,74.42,西南,简装,高楼层(共28层),2004年,武夷花园,350,47031
25,通州区,新城南关 ,2室1厅,50.45,南,简装,顶层(共5层),1978年,新华大街,235,46581
26,通州区,玉桥北里 ,2室1厅,53.42,东南,精装,底层(共5层),1990年,乔庄,275,51479
27,通州区,东阁雅舍 ,2室1厅,94.29,东北,简装,低楼层(共25层),2003年,北关,360,38181
28,通州区,合生滨江帝景 ,2室1厅,89.5,南,精装,低楼层(共18层),2014年,玉桥,485,54190
29,通州区,葵花社 ,1室1厅,60.27,南,精装,中楼层(共14层),2006年,果园,338,56081
0,昌平区,新龙城 ,3室1厅,111.4,南北,简装,底层(共8层),2006年,回龙观,625,56105
1,昌平区,新龙城 ,2室1厅,92.58,东西,精装,高楼层(共10层),2007年,回龙观,489,52820
2,昌平区,新龙城 ,3室1厅,120.36,南北,精装,中楼层(共10层),2007年,回龙观,675,56082
3,昌平区,北京北 ,1室1厅,60.96,西南,精装,高楼层(共20层),2008年,立水桥,345,56595
4,昌平区,旗胜家园 ,2室1厅,90.01,南北,简装,高楼层(共28层),2009年,西三旗,399,44329
5,昌平区,龙跃苑东五区 ,2室1厅,97.12,南北,精装,中楼层(共5层),2006年,回龙观,468,48188
6,昌平区,流星花园三区 ,2室1厅,77.91,南北,精装,顶层(共6层),2003年,回龙观,415,53267
7,昌平区,天通苑东一区 ,1室1厅,55.08,南,简装,中楼层(共7层),2001年,天通苑,309,56101
8,昌平区,万润家园 ,1室1厅,67.51,南,精装,高楼层(共9层),2003年,回龙观,395,58510
9,昌平区,天通苑东一区 ,2室1厅,112.98,南北,精装,中楼层(共7层),2001年,天通苑,435,38503
10,昌平区,紫金新干线 ,2室1厅,82.75,南,简装,中楼层(共9层),2009年,霍营,440,53173
11,昌平区,天通苑东二区 ,2室1厅,106.1,西南,精装,中楼层(共19层),2001年,天通苑,415,39115
12,昌平区,和谐家园一区 ,3室1厅,118.53,南北,精装,中楼层(共6层),2006年,回龙观,529,44631
13,昌平区,天通苑东二区 ,3室2厅,141.56,南北,精装,中楼层(共7层),2001年,天通苑,535,37794
14,昌平区,新龙城 ,2室1厅,91.3,西南,简装,高楼层(共20层),2007年,回龙观,489,53560
15,昌平区,名佳花园三区 ,1室1厅,64.73,南,简装,中楼层(共6层),2004年,北七家,295,45574
16,昌平区,天通西苑二区 ,2室1厅,92.12,西南,精装,高楼层(共32层),2003年,天通苑,385,41794
17,昌平区,天通苑北一区 ,2室1厅,99.27,东北,简装,中楼层(共29层),2004年,天通苑,356,35862
18,昌平区,龙兴园北区 ,2室2厅,85.41,南北,简装,中楼层(共6层),2000年,回龙观,405,47419
19,昌平区,太平家园 ,2室1厅,83.36,南北,精装,中楼层(共6层),1998年,天通苑,395,47385
20,昌平区,龙锦苑东一区 ,2室1厅,98.72,南北,精装,底层(共6层),2007年,霍营,429,43457
21,昌平区,名佳花园一区 ,2室1厅,96.09,南北,精装,中楼层(共7层),2003年,北七家,379,39443
22,昌平区,龙锦苑东四区 ,2室1厅,100.18,南北,简装,低楼层(共6层),2009年,霍营,425,42424
23,昌平区,龙泽苑西区 ,2室1厅,76.26,南北,简装,底层(共6层),2000年,回龙观,460,60320
24,昌平区,龙乡东区 ,2室1厅,69.52,南北,精装,中楼层(共6层),1994年,西三旗,383,55093
25,昌平区,天通苑东三区 ,2室1厅,107.25,南北,精装,低楼层(共7层),2002年,天通苑,448,41772
26,昌平区,溪城家园 ,2室1厅,80.82,南,简装,低楼层(共15层),2010年,立水桥,397,49122
27,昌平区,嘉诚花园二期 ,2室1厅,100.47,南北,精装,底层(共7层),2004年,立水桥,520,51757
28,昌平区,旗胜家园 ,2室1厅,89.52,南北,简装,高楼层(共28层),2009年,西三旗,410,45800
29,昌平区,北京洋房 ,3室2厅,193.93,南北,精装,中楼层(共7层),2007年,北七家,790,40737
0,昌平区,华龙苑北里 ,2室2厅,90.92,南北,精装,低楼层(共7层),2005年,霍营,448,49275
1,昌平区,太平家园 ,2室1厅,71,南北,精装,中楼层(共6层),1998年,天通苑,380,53522
2,昌平区,龙回苑 ,3室1厅,116.5,南北,简装,高楼层(共6层),2004年,回龙观,479,41116
3,昌平区,新龙城 ,2室1厅,101.93,南北,精装,低楼层(共20层),2007年,回龙观,499,48956
4,昌平区,天通苑本五区 ,3室1厅,160.07,南北,精装,低楼层(共13层),2001年,天通苑,609,38046
5,昌平区,龙华园 ,2室1厅,80.16,南北,精装,顶层(共6层),1996年,回龙观,386,48154
6,昌平区,龙腾苑三区 ,3室1厅,117.31,南北,精装,中楼层(共5层),2002年,回龙观,518,44157
7,昌平区,西环里 ,2室1厅,50.16,南,精装,中楼层(共5层),1984年,西关环岛,215,42863
8,昌平区,旗胜家园 ,2室1厅,89.4,南,精装,底层(共16层),2009年,西三旗,405,45303
9,昌平区,天通苑北二区 ,2室2厅,126.06,南北,精装,中楼层(共13层),2005年,天通苑,515,40854
10,昌平区,融泽嘉园 ,2室1厅,92.18,南北,简装,低楼层(共18层),2014年,回龙观,510,55327
11,昌平区,领秀慧谷D区 ,2室1厅,80.68,南北,精装,高楼层(共11层),2016年,回龙观,480,59495
12,昌平区,天通苑东一区 ,2室1厅,89.58,南北,简装,中楼层(共7层),2001年,天通苑,399,44542
13,昌平区,东辰小区 ,2室1厅,67.94,南北,精装,低楼层(共6层),1998年,立水桥,385,56668
14,昌平区,龙锦苑东五区 ,3室1厅,118.42,南北,毛坯,中楼层(共6层),2007年,霍营,435,36734
15,昌平区,天鑫家园 ,1室1厅,58.51,南北,精装,底层(共6层),2003年,霍营,340,58110
16,昌平区,龙跃苑四区 ,2室1厅,99.67,南北,精装,中楼层(共6层),2005年,回龙观,463,46454
17,昌平区,名佳花园四区 ,2室1厅,87.78,南北,精装,中楼层(共6层),2003年,北七家,356,40556
18,昌平区,北店嘉园 ,2室1厅,77.31,南,精装,中楼层(共7层),2003年,回龙观,439,56785
19,昌平区,龙锦苑东二区 ,3室1厅,130.03,南西北,简装,低楼层(共6层),2007年,霍营,499,38376
20,昌平区,望都新地 ,2室1厅,89.71,南北,简装,6层,2008年,北七家,363,40464
21,昌平区,合立方 ,2室1厅,76.08,南,精装,中楼层(共21层),2010年,立水桥,348,45742
22,昌平区,龙华园 ,2室1厅,73.77,南北,精装,高楼层(共6层),1996年,回龙观,395,53545
23,昌平区,天慧园 ,2室1厅,87.87,南北,简装,中楼层(共7层),2000年,回龙观,420,47798
24,昌平区,天通西苑三区 ,3室1厅,148.1,西南,简装,32层,2003年,天通苑,460,31061
25,昌平区,龙锦苑东五区 ,3室2厅,125.12,南北,简装,顶层(共6层),2007年,霍营,430,34368
26,昌平区,温泉花园B区 ,3室2厅,121.68,东南北,简装,顶层(共6层),1999年,北七家,317,26052
27,昌平区,溪城家园 ,2室1厅,81.42,南,精装,底层(共15层),2010年,立水桥,379,46549
28,昌平区,北亚花园 ,2室1厅,80.76,南北,简装,中楼层(共6层),2002年,北七家,313,38757
29,昌平区,天通苑本五区 ,4室2厅,128.66,南北,简装,高楼层(共7层),1998年,天通苑,418,32489
0,大兴区,枣园小区 ,3室1厅,82.57,南北,简装,高楼层(共6层),1994年,枣园,310,37544
1,大兴区,美然绿色家园 ,2室1厅,77.22,南北,简装,顶层(共6层),2001年,旧宫,339,43901
2,大兴区,新安里 ,2室1厅,74.57,南北,精装,低楼层(共6层),1998年,黄村中,275,36879
3,大兴区,富强西里 ,2室1厅,56.16,南北,简装,中楼层(共5层),1985年,黄村中,235,41845
4,大兴区,金融街融汇 ,2室1厅,69.76,东南,精装,高楼层(共26层),2014年,天宫院,305,43722
5,大兴区,首开康乃馨城 ,2室1厅,90.8,南北,简装,中楼层(共9层),2013年,枣园,316,34802
6,大兴区,金色漫香林二期 ,2室1厅,90.99,南北,精装,低楼层(共8层),2010年,亦庄,440,48357
7,大兴区,鸿坤理想城礼域府 ,2室1厅,91.33,南北,简装,高楼层(共15层),2011年,西红门,555,60769
8,大兴区,新安里 ,2室1厅,69.9,南北,精装,顶层(共6层),1996年,黄村中,229,32762
9,大兴区,中信新城西区 ,3室1厅,170.61,南北,简装,高楼层(共17层),2013年,亦庄开发区其它,890,52166
10,大兴区,海子角小区 ,2室1厅,68.22,南北,简装,低楼层(共6层),1996年,观音寺,208,30490
11,大兴区,清逸西园 ,2室1厅,69.84,南北,简装,底层(共6层),1998年,旧宫,289,41381
12,大兴区,金惠园三里 ,1室1厅,62.41,南北,精装,中楼层(共7层),1998年,黄村北,285,45666
13,大兴区,福苑小区 ,3室1厅,79.71,南北,简装,低楼层(共6层),1997年,大兴其它,270,33873
14,大兴区,清欣园甲区 ,2室1厅,79.88,南北,精装,底层(共6层),2001年,旧宫,350,43816
15,大兴区,观音寺小区 ,3室1厅,85.18,南北,简装,中楼层(共6层),1994年,观音寺,290,34046
16,大兴区,美然绿色家园 ,2室1厅,65.85,南北,精装,顶层(共6层),1999年,旧宫,306,46470
17,大兴区,首开康乃馨城 ,1室1厅,61.91,南,精装,中楼层(共16层),2012年,枣园,240,38766
18,大兴区,巧克力城 ,2室2厅,98.96,南北,简装,中楼层(共4层),2004年,旧宫,445,44968
19,大兴区,三槐家园 ,2室1厅,86.51,南北,简装,低楼层(共10层),2011年,瀛海,335,38724
20,大兴区,马赛公馆 ,3室2厅,89.98,东南北,精装,高楼层(共18层),2013年,枣园,377,41899
21,大兴区,保利春天里 ,4室2厅,95.95,南北,精装,中楼层(共27层),2014年,天宫院,468,48776
22,大兴区,大城小镇 ,2室1厅,93.4,南北,简装,中楼层(共11层),2007年,旧宫,426,45611
23,大兴区,金融街融汇 ,2室1厅,77.29,南,精装,中楼层(共21层),2014年,天宫院,330,42697
24,大兴区,清乐园 ,2室1厅,71.27,南北,简装,底层(共6层),1995年,旧宫,308,43216
25,大兴区,鸿坤理想城派郡20号院 ,2室1厅,89.72,东南西北,精装,高楼层(共18层),2009年,西红门,415,46256
26,大兴区,保利首开熙悦春天 ,4室2厅,96.43,南北,精装,中楼层(共25层),2014年,天宫院,425,44074
27,大兴区,灵秀山庄 ,2室1厅,59,南北,精装,高楼层(共6层),2003年,旧宫,305,51695
28,大兴区,彩虹新城 ,2室1厅,88.26,南北,精装,高楼层(共18层),2007年,枣园,465,52686
29,大兴区,新居里 ,2室1厅,90.71,南北,简装,中楼层(共6层),2001年,黄村中,295,32522
0,大兴区,同兴园 ,2室1厅,72.3,南北,简装,低楼层(共6层),1999年,西红门,299,41356
1,大兴区,三合南里 ,2室1厅,66.17,南北,简装,中楼层(共6层),1994年,黄村中,290,43827
2,大兴区,清逸西园 ,2室1厅,63.62,南北,毛坯,低楼层(共6层),1996年,旧宫,276,43383
3,大兴区,金荣园 ,2室1厅,79.75,南北,简装,低楼层(共6层),1998年,西红门,268,33606
4,大兴区,御园小区 ,2室1厅,75.44,南北,简装,中楼层(共14层),2014年,天宫院南,223,29560
5,大兴区,保利春天里 ,2室1厅,85.54,南,简装,低楼层(共32层),2014年,天宫院,365,42671
6,大兴区,金融街融汇 ,3室2厅,116.77,东南北,精装,高楼层(共18层),2014年,天宫院,510,43676
7,大兴区,清和园 ,1室1厅,49.56,南北,简装,中楼层(共6层),1996年,旧宫,236,47620
8,大兴区,瑞海家园五区 ,3室1厅,133.04,南北,精装,中楼层(共6层),2004年,西红门,520,39086
9,大兴区,亦庄北岸 ,2室1厅,62.9,西北,精装,中楼层(共11层),2008年,旧宫,349,55485
10,大兴区,亦庄北岸 ,4室1厅,146.8,南北,简装,高楼层(共15层),2008年,旧宫,638,43461
11,大兴区,兴城丽源 ,2室2厅,88.23,南北,精装,中楼层(共12层),2009年,枣园,370,41936
12,大兴区,海悦公馆 ,2室1厅,82.78,南北,精装,中楼层(共24层),2014年,观音寺,308,37208
13,大兴区,首邑上城 ,3室2厅,123.32,南北,简装,低楼层(共16层),2007年,枣园,588,47681
14,大兴区,富强东里 ,2室1厅,44.58,南,简装,顶层(共5层),1978年,黄村中,195,43742
15,大兴区,丽园C区 ,2室1厅,103.92,南北,精装,低楼层(共10层),2007年,枣园,460,44265
16,大兴区,彩虹新城 ,2室2厅,88.82,南北,精装,高楼层(共12层),2006年,枣园,455,51228
17,大兴区,上林苑 ,1室1厅,65.97,南北,简装,顶层(共6层),2002年,瀛海,258,39109
18,大兴区,黄村西里 ,2室1厅,55.91,南,简装,顶层(共5层),1985年,黄村中,228,40780
19,大兴区,德林园 ,2室1厅,87.36,南北,简装,中楼层(共9层),2004年,旧宫,396,45330
20,大兴区,中建国际港 ,2室1厅,90.04,南,精装,高楼层(共34层),2013年,枣园,465,51644
21,大兴区,鑫苑鑫都汇 ,3室1厅,92.95,南北,精装,高楼层(共18层),2015年,天宫院,439,47230
22,大兴区,滨河西里 ,1室1厅,44.39,西南东北,简装,中楼层(共6层),1992年,枣园,214,48210
23,大兴区,红木林 ,2室1厅,72.82,南北,精装,中楼层(共21层),2013年,枣园,488,67015
24,大兴区,车站北里 ,2室1厅,46.3,西北,精装,底层(共6层),1987年,黄村火车站,220,47517
25,大兴区,首邑溪谷 ,2室1厅,39.28,西,精装,中楼层(共12层),2013年,枣园,305,77648
26,大兴区,宏盛家园 ,2室1厅,86.42,南北,精装,6层,1999年,西红门,381,44088
27,大兴区,住总万科橙 ,2室1厅,75.69,南,精装,顶层(共26层),2015年,天宫院,365,48224
28,大兴区,一品嘉园 ,2室1厅,88.31,南北,简装,高楼层(共6层),2012年,天宫院南,247,27970
29,大兴区,金惠园三里 ,2室1厅,87.21,南北,精装,中楼层(共6层),2007年,黄村北,456,52288
0,顺义区,滨河小区 ,1室1厅,59.68,南北,简装,顶层(共6层),1994年,顺义城,229,38372
1,顺义区,怡馨家园 ,2室1厅,99.75,南北,精装,顶层(共9层),2004年,顺义城,448,44913
2,顺义区,幸福东区 ,2室1厅,58.52,南北,简装,低楼层(共6层),1992年,顺义城,248,42379
3,顺义区,石园南区 ,2室1厅,85.69,南北,精装,顶层(共6层),1993年,顺义城,279,32560
4,顺义区,义宾南区 ,2室1厅,61.38,南北,简装,顶层(共6层),1988年,顺义城,235,38287
5,顺义区,石园南区 ,2室1厅,79.07,西南,简装,中楼层(共6层),1993年,顺义城,265,33515
6,顺义区,香悦四季 ,3室1厅,95.21,南,精装,中楼层(共11层),2011年,马坡,439,46109
7,顺义区,双裕小区 ,1室1厅,46.13,南,精装,顶层(共5层),1994年,后沙峪,229,49643
8,顺义区,港馨家园东区 ,2室1厅,83.81,南北,精装,低楼层(共6层),2007年,顺义城,310,36989
9,顺义区,裕祥花园 ,3室1厅,98.84,南北,简装,顶层(共5层),1996年,后沙峪,355,35917
10,顺义区,东兴一区 ,1室1厅,66.11,南北,精装,顶层(共6层),1994年,顺义城,264,39934
11,顺义区,裕祥花园 ,2室1厅,75.27,南北,简装,高楼层(共6层),1996年,后沙峪,285,37864
12,顺义区,裕龙一区 ,3室1厅,102.08,南北,简装,高楼层(共6层),1998年,顺义城,395,38696
13,顺义区,万科城市花园 ,2室2厅,81.6,南北,精装,低楼层(共6层),1995年,后沙峪,388,47550
14,顺义区,樱花园二区 ,1室0厅,33.96,东南,精装,中楼层(共6层),1999年,李桥,166,48882
15,顺义区,义宾南区 ,2室1厅,72.2,南北,简装,顶层(共6层),1988年,顺义城,280,38782
16,顺义区,石园东区 ,1室1厅,59.74,南北,精装,中楼层(共6层),1994年,顺义城,238,39840
17,顺义区,石园东区 ,2室1厅,76.77,南北,精装,高楼层(共6层),1994年,顺义城,290,37776
18,顺义区,怡馨家园 ,2室1厅,83.7,西,简装,高楼层(共15层),2005年,顺义城,350,41817
19,顺义区,樱花园二区 ,1室0厅,35.43,南北,简装,底层(共6层),1999年,李桥,158,44595
20,顺义区,石园北区 ,2室1厅,83.66,南北,精装,低楼层(共6层),1999年,顺义城,306,36577
21,顺义区,东兴一区 ,1室1厅,60.37,南北,精装,中楼层(共6层),1993年,顺义城,265,43896
22,顺义区,建新南区 ,1室1厅,56.75,南北,简装,中楼层(共5层),1988年,顺义城,305,53745
23,顺义区,石园北区 ,1室1厅,69.4,南北,简装,高楼层(共6层),1999年,顺义城,256,36888
24,顺义区,裕龙三区 ,2室1厅,94.8,南北,精装,低楼层(共11层),2008年,顺义城,420,44304
25,顺义区,仓上小区 ,1室1厅,60.54,南北,简装,顶层(共6层),1992年,顺义城,236,38983
26,顺义区,万科城市花园 ,2室1厅,77.24,南北,精装,底层(共6层),1995年,后沙峪,396,51269
27,顺义区,双兴东区 ,2室1厅,80.27,南北,简装,高楼层(共6层),1998年,顺义城,300,37374
28,顺义区,建新南区 ,2室1厅,72.76,南北,简装,顶层(共5层),1987年,顺义城,359,49341
29,顺义区,空港吉祥花园 ,1室1厅,50.77,南,简装,低楼层(共10层),2009年,后沙峪,297,58500
0,顺义区,仓上小区 ,1室1厅,60.2,南北,简装,顶层(共6层),1992年,顺义城,235,39037
1,顺义区,滨河小区 ,1室1厅,60.9,南北,精装,中楼层(共5层),1992年,顺义城,235,38588
2,顺义区,石园北区 ,2室1厅,78.31,南北,精装,中楼层(共16层),2002年,顺义城,282,36011
3,顺义区,佳和宜园 ,2室1厅,89.36,南北,简装,顶层(共6层),2009年,马坡,275,30775
4,顺义区,新马家园 ,2室1厅,80.93,南北,简装,低楼层(共28层),2013年,马坡,279,34475
5,顺义区,香悦四季 ,3室1厅,119.85,南北,精装,低楼层(共16层),2013年,马坡,495,41302
6,顺义区,金汉绿港四区 ,3室1厅,106.13,东南,精装,顶层(共20层),2011年,顺义城,468,44097
7,顺义区,前进花园玉兰苑 ,2室1厅,96.79,南北,精装,中楼层(共11层),2007年,顺义城,389,40191
8,顺义区,裕龙五区 ,3室1厅,146.21,南北,精装,中楼层(共5层),2003年,顺义城,625,42747
9,顺义区,空港吉祥花园 ,3室2厅,98.19,南北,精装,低楼层(共11层),2007年,后沙峪,486,49496
10,顺义区,港馨家园东区 ,2室1厅,85.09,南北,简装,低楼层(共6层),2007年,顺义城,285,33494
11,顺义区,西辛南区 ,2室1厅,59.24,南,精装,中楼层(共6层),1996年,顺义城,248,41864
12,顺义区,万科四季花城 ,2室1厅,95.13,南,精装,中楼层(共9层),2008年,顺义城,410,43099
13,顺义区,万科四季花城 ,3室1厅,92.91,南北,精装,低楼层(共15层),2010年,顺义城,468,50372
14,顺义区,中粮祥云国际生活区 ,2室2厅,108.8,南,精装,中楼层(共14层),2013年,后沙峪,599,55056
15,顺义区,金汉绿港五区 ,2室1厅,76.05,南,精装,低楼层(共18层),2010年,顺义城,355,46680
16,顺义区,南竺园 ,2室1厅,58.85,南北,精装,顶层(共6层),1994年,首都机场,216,36704
17,顺义区,万科城市花园 ,3室2厅,108.2,南北,简装,低楼层(共3层),1996年,后沙峪,485,44825
18,顺义区,阳光水岸 ,2室1厅,62.05,南北,简装,低楼层(共9层),2009年,顺义城,278,44803
19,顺义区,胜利小区 ,2室1厅,56.29,南北,精装,顶层(共6层),1991年,顺义城,239,42459
20,顺义区,鲁能7号院颐景溪园 ,3室2厅,117.66,南北,精装,低楼层(共15层),2012年,马坡,476,40456
21,顺义区,鲁能7号院颐景溪园 ,3室2厅,118.86,南北,毛坯,高楼层(共15层),2012年,马坡,473,39795
22,顺义区,东方太阳城 ,3室2厅,128.02,南北,简装,中楼层(共4层),2004年,顺义其它,458,35776
23,顺义区,香花畦家园 ,3室2厅,141.37,南北,精装,低楼层(共8层),2006年,后沙峪,629,44494
24,顺义区,东兴一区 ,1室1厅,73.48,南北,精装,中楼层(共6层),1995年,顺义城,286,38923
25,顺义区,东兴一区 ,2室1厅,72.21,南北,简装,顶层(共6层),1994年,顺义城,267,36976
26,顺义区,万科城市花园 ,2室1厅,81.37,南北,精装,低楼层(共3层),1995年,后沙峪,395,48544
27,顺义区,江山赋 ,2室1厅,95.83,南北,精装,低楼层(共9层),2013年,后沙峪,558,58229
28,顺义区,东方太阳城 ,3室2厅,136.32,南北,精装,低楼层(共6层),2009年,顺义其它,504,36972
29,顺义区,空港吉祥花园 ,2室1厅,88.38,南北,简装,低楼层(共11层),2007年,后沙峪,375,42431
0,房山区,首开熙悦山澜庭 ,2室1厅,69.74,南,简装,高楼层(共21层),2016年,长阳,310,44451
1,房山区,金地朗悦朗园 ,3室1厅,89.31,南北,简装,中楼层(共8层),2011年,良乡,410,45908
2,房山区,中粮万科长阳半岛 ,2室1厅,87.51,南,精装,中楼层(共15层),2016年,长阳,410,46852
3,房山区,长阳半岛怡和南路10号院 ,3室1厅,102.56,南北,精装,中楼层(共11层),2015年,长阳,475,46315
4,房山区,长阳半岛4号院 ,3室1厅,95.92,南北,精装,高楼层(共9层),2013年,长阳,470,49000
5,房山区,原香小镇二区 ,2室1厅,88.77,南北,简装,底层(共6层),2010年,长阳,445,50130
6,房山区,加州水郡三期 ,1室1厅,56.47,东北,精装,中楼层(共15层),2009年,长阳,234,41438
7,房山区,鸿顺园西区 ,2室1厅,89.79,南北,简装,中楼层(共6层),2003年,良乡,291,32409
8,房山区,北潞春家园 ,2室1厅,89.73,东南,简装,低楼层(共6层),2000年,良乡,251,27973
9,房山区,首开熙悦山熹园1号院 ,2室1厅,83.13,南,精装,中楼层(共21层),2013年,长阳,346,41622
10,房山区,加州水郡三期 ,2室1厅,84.57,南北,精装,高楼层(共15层),2009年,长阳,258,30508
11,房山区,长阳半岛2号院 ,2室1厅,87.65,南北,精装,中楼层(共28层),2011年,长阳,370,42214
12,房山区,西潞园二里 ,2室1厅,59.35,南西北,简装,高楼层(共7层),1994年,良乡,205,34541
13,房山区,首创新悦都 ,2室1厅,75.49,南北,精装,中楼层(共18层),2012年,长阳,310,41066
14,房山区,长阳国际城三区 ,3室1厅,89.31,南北,精装,中楼层(共15层),2012年,长阳,355,39750
15,房山区,瑞雪春堂 ,2室1厅,71.69,南,简装,中楼层(共15层),2007年,良乡,268,37384
16,房山区,加州水郡四期 ,2室1厅,87.62,西南,简装,中楼层(共15层),2011年,长阳,286,32641
17,房山区,长阳国际城三区 ,3室1厅,88.81,南北,简装,中楼层(共15层),2012年,长阳,375,42225
18,房山区,碧桂园小区C区 ,2室2厅,92.37,南北,精装,低楼层(共11层),2007年,长阳,295,31937
19,房山区,加州水郡三期 ,2室1厅,87.46,南西北,精装,顶层(共14层),2009年,长阳,266,30414
20,房山区,瑞雪春堂 ,1室0厅,57.43,南,简装,低楼层(共15层),2010年,良乡,229,39875
21,房山区,芭蕾雨悦都南区 ,3室1厅,91.86,南北,毛坯,高楼层(共9层),2012年,长阳,400,43545
22,房山区,碧桂园小区C区 ,3室1厅,117.35,南北,精装,顶层(共9层),2006年,长阳,350,29826
23,房山区,加州水郡四期 ,1室1厅,58.87,西北,简装,中楼层(共11层),2011年,长阳,230,39070
24,房山区,首创新悦都 ,2室1厅,75.56,南北,精装,中楼层(共18层),2012年,长阳,319,42219
25,房山区,加州水郡四期 ,2室1厅,86.1,南,精装,低楼层(共15层),2011年,长阳,292,33915
26,房山区,芭蕾雨悦都南区 ,3室1厅,89.72,南北,精装,9层,2012年,长阳,389,43358
27,房山区,长阳国际城一区 ,2室1厅,78.83,南,精装,高楼层(共20层),2012年,长阳,345,43766
28,房山区,国际花园 ,2室1厅,76.53,南北,简装,高楼层(共18层),2014年,长阳,313,40899
29,房山区,首开熙悦山熹园1号院 ,2室1厅,83.13,南,精装,中楼层(共21层),2013年,长阳,347,41742
0,房山区,徜徉嘉园5号院 ,3室1厅,111.14,南西北,精装,高楼层(共19层),2012年,长阳,488,43909
1,房山区,鸿顺园东区 ,1室1厅,37.43,西北,简装,中楼层(共7层),2003年,良乡,186,49693
2,房山区,鸿顺园西区 ,2室1厅,90.17,南北,简装,中楼层(共6层),2003年,良乡,286,31718
3,房山区,佳世苑小区 ,2室1厅,97.57,南北,简装,底层(共6层),2003年,良乡,299,30645
4,房山区,伟业嘉园西里 ,1室1厅,53.47,南,精装,底层(共5层),2005年,良乡,220,41145
5,房山区,徜徉嘉园6号院 ,3室1厅,92.17,南北,精装,中楼层(共11层),2014年,长阳,443,48064
6,房山区,北潞春家园 ,3室1厅,106.03,东北,精装,高楼层(共10层),2000年,良乡,261,24616
7,房山区,加州水郡四期 ,1室1厅,57.65,西北,精装,中楼层(共11层),2011年,长阳,235,40764
8,房山区,碧桂园小区C区 ,1室1厅,67.68,南北,精装,中楼层(共16层),2007年,长阳,250,36939
9,房山区,国际花园 ,3室1厅,89.69,南北,精装,低楼层(共18层),2014年,长阳,357,39804
10,房山区,长阳国际城一区 ,3室1厅,88.91,南北,精装,高楼层(共20层),2012年,长阳,379,42628
11,房山区,罗府家园 ,3室1厅,97.51,东西,精装,中楼层(共12层),2005年,良乡,298,30561
12,房山区,西潞园四里 ,3室1厅,77.23,南北,简装,中楼层(共7层),1995年,良乡,245,31724
13,房山区,玉竹园 ,2室1厅,78.08,南北,简装,顶层(共6层),2004年,良乡,246,31507
14,房山区,金地朗悦沁园 ,3室2厅,126.65,南北,精装,中楼层(共7层),2014年,良乡,525,41453
15,房山区,翠林漫步 ,2室1厅,87.17,南北,精装,底层(共9层),2011年,长阳,329,37743
16,房山区,原香小镇一区 ,2室1厅,88.49,南北,精装,高楼层(共10层),2010年,长阳,329,37180
17,房山区,翠林漫步 ,3室1厅,96.14,南北,精装,低楼层(共11层),2013年,长阳,369,38382
18,房山区,长阳半岛3号院 ,2室1厅,86.47,南北,精装,中楼层(共18层),2012年,长阳,390,45103
19,房山区,西潞园一里 ,2室1厅,65.33,南北,精装,顶层(共6层),1994年,良乡,199.9,30599
20,房山区,佳世苑小区 ,2室1厅,100.09,东南,简装,中楼层(共13层),2011年,良乡,293,29274
21,房山区,建邦华庭西区 ,3室1厅,109.85,南北,精装,底层(共9层),2013年,长阳,455,41421
22,房山区,伟业嘉园西里 ,3室2厅,126.45,南北,简装,中楼层(共7层),2004年,良乡,348,27521
23,房山区,昊天温泉家园 ,2室1厅,79.65,南西北,简装,底层(共6层),2001年,良乡,207,25989
24,房山区,昊天温泉家园 ,2室1厅,71.76,南北,简装,中楼层(共6层),1996年,良乡,225,31355
25,房山区,佳世苑小区 ,2室1厅,96.23,南北,精装,中楼层(共14层),2011年,良乡,320,33254
26,房山区,宜春里 ,2室1厅,61.93,南北,简装,顶层(共6层),1989年,良乡,192,31003
27,房山区,新里程南区二期 ,3室1厅,102.58,南北,精装,低楼层(共15层),2015年,良乡,450,43869
28,房山区,原香小镇一区 ,2室1厅,88.67,南北,精装,顶层(共10层),2010年,长阳,320,36089
29,房山区,长阳国际城一区 ,2室1厅,81.22,南,精装,高楼层(共20层),2012年,长阳,352,43340
